"PID","ID_0","ISO","NAME_0","ID_1","NAME_1","ID_2","NAME_2","NL_NAME_2","VARNAME_2","TYPE_2","ENGTYPE_2"
14722,103,"HUN","Hungary",16,"Szabolcs-Szatmár-Bereg",138,"Tiszavasvár","","Tiszavasvári","Kistérség","Subregion"
14723,103,"HUN","Hungary",16,"Szabolcs-Szatmár-Bereg",139,"Vásárosnamény","","Fehérgyarmati","Kistérség","Subregion"
14724,103,"HUN","Hungary",17,"Tolna",140,"Bonyhád","","Bonyhádi","Kistérség","Subregion"
14725,103,"HUN","Hungary",17,"Tolna",141,"Dombóvár","","","Kistérség","Subregion"
14726,103,"HUN","Hungary",17,"Tolna",142,"Paks","","Paksi","Kistérség","Subregion"
14727,103,"HUN","Hungary",17,"Tolna",143,"Szekszárd","","Szekszárdi","Kistérség","Subregion"
14728,103,"HUN","Hungary",17,"Tolna",144,"Tamás","","","Kistérség","Subregion"
14729,103,"HUN","Hungary",18,"Vas",145,"Oriszentpéter","","Oriszentpéteri","Kistérség","Subregion"
14730,103,"HUN","Hungary",18,"Vas",146,"Celldömölk","","Celldömölki","Kistérség","Subregion"
14731,103,"HUN","Hungary",18,"Vas",147,"Csepreg","","Csepregi","Kistérség","Subregion"
14732,103,"HUN","Hungary",18,"Vas",148,"Koszeg","","Koszegi","Kistérség","Subregion"
14733,103,"HUN","Hungary",18,"Vas",149,"Körmend","","Körmendi","Kistérség","Subregion"
14734,103,"HUN","Hungary",18,"Vas",150,"Sárvár","","Sárvári","Kistérség","Subregion"
14735,103,"HUN","Hungary",18,"Vas",151,"Szentgotthárd","","Szentgotthárdi","Kistérség","Subregion"
14736,103,"HUN","Hungary",18,"Vas",152,"Szombathely","","Szombathelyi","Kistérség","Subregion"
14737,103,"HUN","Hungary",18,"Vas",153,"Vasvár","","Vasvári","Kistérség","Subregion"
14738,103,"HUN","Hungary",19,"Veszprém",154,"Ajka","","Ajkai","Kistérség","Subregion"
14739,103,"HUN","Hungary",19,"Veszprém",155,"Balatonalmádi","","","Kistérség","Subregion"
14740,103,"HUN","Hungary",19,"Veszprém",156,"Balatonfüred","","Balatonfüredi","Kistérség","Subregion"
14741,103,"HUN","Hungary",19,"Veszprém",157,"Pápa","","Pápai","Kistérség","Subregion"
14742,103,"HUN","Hungary",19,"Veszprém",158,"Sümeg","","Sümegi","Kistérség","Subregion"
14743,103,"HUN","Hungary",19,"Veszprém",159,"Tapolca","","Tapolcai","Kistérség","Subregion"
14744,103,"HUN","Hungary",19,"Veszprém",160,"Várpalota","","","Kistérség","Subregion"
16909,103,"HUN","Hungary",1,"Bács-Kiskun",1,"Bácsalmás","","Bácsalmási","Kistérség","Subregion"
16910,103,"HUN","Hungary",1,"Bács-Kiskun",2,"Baja","","Bajai","Kistérség","Subregion"
16911,103,"HUN","Hungary",1,"Bács-Kiskun",3,"Jánoshalm","","Jánoshalmi","Kistérség","Subregion"
16912,103,"HUN","Hungary",1,"Bács-Kiskun",4,"Kalocsa","","Kalocsai","Kistérség","Subregion"
16913,103,"HUN","Hungary",1,"Bács-Kiskun",5,"Kecskemét","","Kecskeméti","Kistérség","Subregion"
16914,103,"HUN","Hungary",1,"Bács-Kiskun",6,"Kiskorös","","Kiskorösi","Kistérség","Subregion"
16915,103,"HUN","Hungary",1,"Bács-Kiskun",7,"Kiskunfélegyház","","Kiskunfélegyházi","Kistérség","Subregion"
16916,103,"HUN","Hungary",1,"Bács-Kiskun",8,"Kiskunhalas","","Kiskunhalasi","Kistérség","Subregion"
16917,103,"HUN","Hungary",1,"Bács-Kiskun",9,"Kiskunmajsa","","Kiskunmajsai","Kistérség","Subregion"
16918,103,"HUN","Hungary",1,"Bács-Kiskun",10,"Kunszentmiklós","","Kunszentmiklósi","Kistérség","Subregion"
16919,103,"HUN","Hungary",2,"Baranya",11,"Komlói","","","Kistérség","Subregion"
16920,103,"HUN","Hungary",2,"Baranya",12,"Mohácsi","","","Kistérség","Subregion"
16921,103,"HUN","Hungary",2,"Baranya",13,"Pécs","","","Kistérség","Subregion"
16922,103,"HUN","Hungary",2,"Baranya",14,"Pécsváradi","","","Kistérség","Subregion"
16923,103,"HUN","Hungary",2,"Baranya",15,"Sásdi","","","Kistérség","Subregion"
16924,103,"HUN","Hungary",2,"Baranya",16,"Sellyei","","","Kistérség","Subregion"
16925,103,"HUN","Hungary",2,"Baranya",17,"Siklósi","","","Kistérség","Subregion"
16926,103,"HUN","Hungary",2,"Baranya",18,"Szentlorinci","","","Kistérség","Subregion"
16927,103,"HUN","Hungary",2,"Baranya",19,"Szigetvári","","","Kistérség","Subregion"
16928,103,"HUN","Hungary",3,"Békés",20,"Békéscsabai","","","Kistérség","Subregion"
16929,103,"HUN","Hungary",3,"Békés",21,"Békési","","","Kistérség","Subregion"
16930,103,"HUN","Hungary",3,"Békés",22,"Gyulai","","","Kistérség","Subregion"
16931,103,"HUN","Hungary",3,"Békés",23,"Mezokovácsház","","","Kistérség","Subregion"
16932,103,"HUN","Hungary",3,"Békés",24,"Orosház","","","Kistérség","Subregion"
16933,103,"HUN","Hungary",3,"Békés",25,"Sarkad","","","Kistérség","Subregion"
16934,103,"HUN","Hungary",3,"Békés",26,"Szarvas","","","Kistérség","Subregion"
16935,103,"HUN","Hungary",3,"Békés",27,"Szeghalmi","","","Kistérség","Subregion"
16936,103,"HUN","Hungary",4,"Borsod-Abaúj-Zemplén",28,"Abaúj–Hegyközi","","","Kistérség","Subregion"
16937,103,"HUN","Hungary",4,"Borsod-Abaúj-Zemplén",29,"Bodrogközi","","","Kistérség","Subregion"
16938,103,"HUN","Hungary",4,"Borsod-Abaúj-Zemplén",30,"Edelényi","","","Kistérség","Subregion"
16939,103,"HUN","Hungary",4,"Borsod-Abaúj-Zemplén",31,"Encsi","","","Kistérség","Subregion"
16940,103,"HUN","Hungary",4,"Borsod-Abaúj-Zemplén",32,"Kazincbarcikai","","","Kistérség","Subregion"
16941,103,"HUN","Hungary",4,"Borsod-Abaúj-Zemplén",33,"Mezocsáti","","","Kistérség","Subregion"
16942,103,"HUN","Hungary",4,"Borsod-Abaúj-Zemplén",34,"Mezokövesdi","","","Kistérség","Subregion"
16943,103,"HUN","Hungary",4,"Borsod-Abaúj-Zemplén",35,"Miskolci","","","Kistérség","Subregion"
16944,103,"HUN","Hungary",4,"Borsod-Abaúj-Zemplén",36,"Ózdi","","","Kistérség","Subregion"
16945,103,"HUN","Hungary",4,"Borsod-Abaúj-Zemplén",37,"Sárospatak","","","Kistérség","Subregion"
16946,103,"HUN","Hungary",4,"Borsod-Abaúj-Zemplén",38,"Sátoraljaújhely","","","Kistérség","Subregion"
16947,103,"HUN","Hungary",4,"Borsod-Abaúj-Zemplén",39,"Szerencs","","","Kistérség","Subregion"
16948,103,"HUN","Hungary",4,"Borsod-Abaúj-Zemplén",40,"Szikszó","","","Kistérség","Subregion"
16949,103,"HUN","Hungary",4,"Borsod-Abaúj-Zemplén",41,"Tiszaújváros","","","Kistérség","Subregion"
16950,103,"HUN","Hungary",4,"Borsod-Abaúj-Zemplén",42,"Tokaji","","","Kistérség","Subregion"
16951,103,"HUN","Hungary",5,"Budapest",43,"Budapesti","","","Kistérség","Subregion"
16952,103,"HUN","Hungary",6,"Csongrád",44,"Csongrádi","","","Kistérség","Subregion"
16953,103,"HUN","Hungary",6,"Csongrád",45,"Hódmezovásárhely","","","Kistérség","Subregion"
16954,103,"HUN","Hungary",6,"Csongrád",46,"Kistelek","","","Kistérség","Subregion"
16955,103,"HUN","Hungary",6,"Csongrád",47,"Makó","","","Kistérség","Subregion"
16956,103,"HUN","Hungary",6,"Csongrád",48,"Mórahalm","","","Kistérség","Subregion"
16957,103,"HUN","Hungary",6,"Csongrád",49,"Szeged","","","Kistérség","Subregion"
16958,103,"HUN","Hungary",6,"Csongrád",50,"Szentes","","","Kistérség","Subregion"
16959,103,"HUN","Hungary",7,"Fejér",51,"Aba","","","Kistérség","Subregion"
16960,103,"HUN","Hungary",7,"Fejér",52,"Adony","","","Kistérség","Subregion"
16961,103,"HUN","Hungary",7,"Fejér",53,"Bicske","","","Kistérség","Subregion"
16962,103,"HUN","Hungary",7,"Fejér",54,"Dunaújváros","","","Kistérség","Subregion"
16963,103,"HUN","Hungary",7,"Fejér",55,"Enying","","","Kistérség","Subregion"
16964,103,"HUN","Hungary",7,"Fejér",56,"Ercs","","","Kistérség","Subregion"
16965,103,"HUN","Hungary",7,"Fejér",57,"Gárdony","","","Kistérség","Subregion"
16966,103,"HUN","Hungary",7,"Fejér",58,"Mór","","","Kistérség","Subregion"
16967,103,"HUN","Hungary",7,"Fejér",59,"Sárbogárd","","","Kistérség","Subregion"
16968,103,"HUN","Hungary",7,"Fejér",60,"Székesfehérvár","","","Kistérség","Subregion"
16969,103,"HUN","Hungary",8,"Gyor-Moson-Sopron",61,"Csorna","","","Kistérség","Subregion"
16970,103,"HUN","Hungary",8,"Gyor-Moson-Sopron",62,"Gyor","","","Kistérség","Subregion"
16971,103,"HUN","Hungary",8,"Gyor-Moson-Sopron",63,"Kapuvár-Beled","","","Kistérség","Subregion"
16972,103,"HUN","Hungary",8,"Gyor-Moson-Sopron",64,"Mosonmagyaróvár","","","Kistérség","Subregion"
16973,103,"HUN","Hungary",8,"Gyor-Moson-Sopron",65,"Pannonhalm","","","Kistérség","Subregion"
16974,103,"HUN","Hungary",8,"Gyor-Moson-Sopron",66,"Sopron-Fertod","","","Kistérség","Subregion"
16975,103,"HUN","Hungary",8,"Gyor-Moson-Sopron",67,"Téti","","","Kistérség","Subregion"
16976,103,"HUN","Hungary",9,"Hajdú-Bihar",68,"Balmazújváros","","","Kistérség","Subregion"
16977,103,"HUN","Hungary",9,"Hajdú-Bihar",69,"Berettyóújfalu","","","Kistérség","Subregion"
16978,103,"HUN","Hungary",9,"Hajdú-Bihar",70,"Debrecen","","","Kistérség","Subregion"
16979,103,"HUN","Hungary",9,"Hajdú-Bihar",71,"Derecske–Létavértes","","","Kistérség","Subregion"
16980,103,"HUN","Hungary",9,"Hajdú-Bihar",72,"Hajdúböszörmény","","","Kistérség","Subregion"
16981,103,"HUN","Hungary",9,"Hajdú-Bihar",73,"Hajdúhadház","","","Kistérség","Subregion"
16982,103,"HUN","Hungary",9,"Hajdú-Bihar",74,"Hajdúszoboszló","","","Kistérség","Subregion"
16983,103,"HUN","Hungary",9,"Hajdú-Bihar",75,"Polgár","","","Kistérség","Subregion"
16984,103,"HUN","Hungary",9,"Hajdú-Bihar",76,"Püspökladány","","","Kistérség","Subregion"
16985,103,"HUN","Hungary",10,"Heves",77,"Bélapátfalva","","Bélapátfalvai","Kistérség","Subregion"
16986,103,"HUN","Hungary",10,"Heves",78,"Eger","","Egri","Kistérség","Subregion"
16987,103,"HUN","Hungary",10,"Heves",79,"Füzesabony","","Füzesabonyi","Kistérség","Subregion"
16988,103,"HUN","Hungary",10,"Heves",80,"Gyöngyös","","Gyöngyösi","Kistérség","Subregion"
16989,103,"HUN","Hungary",10,"Heves",81,"Hatvani","","","Kistérség","Subregion"
16990,103,"HUN","Hungary",10,"Heves",82,"Heves","","Hevesi","Kistérség","Subregion"
16991,103,"HUN","Hungary",10,"Heves",83,"Pétervására","","Pétervásárai","Kistérség","Subregion"
16992,103,"HUN","Hungary",11,"Jász-Nagykun-Szolnok",84,"Jászberény","","Jászberényi","Kistérség","Subregion"
16993,103,"HUN","Hungary",11,"Jász-Nagykun-Szolnok",85,"Karcag","","Karcagi","Kistérség","Subregion"
16994,103,"HUN","Hungary",11,"Jász-Nagykun-Szolnok",86,"Kunszentmárton","","Kunszentmártoni","Kistérség","Subregion"
16995,103,"HUN","Hungary",11,"Jász-Nagykun-Szolnok",87,"Mezotúri","","Mezotúr","Kistérség","Subregion"
16996,103,"HUN","Hungary",11,"Jász-Nagykun-Szolnok",88,"Szolnok","","Szolnoki","Kistérség","Subregion"
16997,103,"HUN","Hungary",11,"Jász-Nagykun-Szolnok",89,"Tiszafüred","","Tiszafüredi","Kistérség","Subregion"
16998,103,"HUN","Hungary",11,"Jász-Nagykun-Szolnok",90,"Törökszentmiklós","","Törökszentmiklósi","Kistérség","Subregion"
16999,103,"HUN","Hungary",12,"Komárom-Esztergom",91,"Dorog","","Dorogi","Kistérség","Subregion"
17000,103,"HUN","Hungary",12,"Komárom-Esztergom",92,"Esztergom","","Esztergomi","Kistérség","Subregion"
17001,103,"HUN","Hungary",12,"Komárom-Esztergom",93,"Kisbér","","Kisbéri","Kistérség","Subregion"
17002,103,"HUN","Hungary",12,"Komárom-Esztergom",94,"Komárom","","Komáromi","Kistérség","Subregion"
17003,103,"HUN","Hungary",12,"Komárom-Esztergom",95,"Oroszlány","","Oroszlányi","Kistérség","Subregion"
17004,103,"HUN","Hungary",12,"Komárom-Esztergom",96,"Tata","","Tatai","Kistérség","Subregion"
17005,103,"HUN","Hungary",12,"Komárom-Esztergom",97,"Tatabánya","","Tatabányai","Kistérség","Subregion"
17006,103,"HUN","Hungary",13,"Nógrád",98,"Balassagyarmat","","Balassagyarmati","Kistérség","Subregion"
17007,103,"HUN","Hungary",13,"Nógrád",99,"Bátonyterenye","","Bátonyterenyei","Kistérség","Subregion"
17008,103,"HUN","Hungary",13,"Nógrád",100,"Pásztó","","Pásztói","Kistérség","Subregion"
17009,103,"HUN","Hungary",13,"Nógrád",101,"Rétság","","Rétsági","Kistérség","Subregion"
17010,103,"HUN","Hungary",13,"Nógrád",102,"Salgótarján","","Salgótarjáni","Kistérség","Subregion"
17011,103,"HUN","Hungary",13,"Nógrád",103,"Szécsény","","Szécsényi","Kistérség","Subregion"
17012,103,"HUN","Hungary",14,"Pest",104,"Aszód","","Aszódi","Kistérség","Subregion"
17013,103,"HUN","Hungary",14,"Pest",105,"Ceglédi","","","Kistérség","Subregion"
17014,103,"HUN","Hungary",14,"Pest",106,"Dabasi","","","Kistérség","Subregion"
17015,103,"HUN","Hungary",14,"Pest",107,"Dunakeszi","","","Kistérség","Subregion"
17016,103,"HUN","Hungary",14,"Pest",108,"Érd","","Érdi","Kistérség","Subregion"
17017,103,"HUN","Hungary",14,"Pest",109,"Gödöllo","","Gödölloi","Kistérség","Subregion"
17018,103,"HUN","Hungary",14,"Pest",110,"Gyál","","Gyáli","Kistérség","Subregion"
17019,103,"HUN","Hungary",14,"Pest",111,"Monor","","Monori","Kistérség","Subregion"
17020,103,"HUN","Hungary",14,"Pest",112,"Nagykáta","","Nagykátai","Kistérség","Subregion"
17021,103,"HUN","Hungary",14,"Pest",113,"Pilisvörösvár","","Pilisvörösvári","Kistérség","Subregion"
17022,103,"HUN","Hungary",14,"Pest",114,"Ráckeve","","Ráckevei","Kistérség","Subregion"
17023,103,"HUN","Hungary",14,"Pest",115,"Szentendre","","Szentendrei","Kistérség","Subregion"
17024,103,"HUN","Hungary",14,"Pest",116,"Szob","","Szobi","Kistérség","Subregion"
17025,103,"HUN","Hungary",14,"Pest",117,"Vác","","Váci","Kistérség","Subregion"
17026,103,"HUN","Hungary",14,"Pest",118,"Veresegyház","","Veresegyházi","Kistérség","Subregion"
17027,103,"HUN","Hungary",15,"Somogy",119,"Balatonföldvári","","Balatonföldvári","Kistérség","Subregion"
17028,103,"HUN","Hungary",15,"Somogy",120,"Barcs","","Barcsi","Kistérség","Subregion"
17029,103,"HUN","Hungary",15,"Somogy",121,"Csurgó","","Csurgói","Kistérség","Subregion"
17030,103,"HUN","Hungary",15,"Somogy",122,"Fonyód","","Fonyódi","Kistérség","Subregion"
17031,103,"HUN","Hungary",15,"Somogy",123,"Kadarkút","","Kadarkúti","Kistérség","Subregion"
17032,103,"HUN","Hungary",15,"Somogy",124,"Lengyeltóti","","","Kistérség","Subregion"
17033,103,"HUN","Hungary",15,"Somogy",125,"Marcali","","","Kistérség","Subregion"
17034,103,"HUN","Hungary",15,"Somogy",126,"Nagyatád","","Nagyatádi","Kistérség","Subregion"
17035,103,"HUN","Hungary",15,"Somogy",127,"Siófok","","Siófoki","Kistérség","Subregion"
17036,103,"HUN","Hungary",15,"Somogy",128,"Tab","","Tabi","Kistérség","Subregion"
17037,103,"HUN","Hungary",16,"Szabolcs-Szatmár-Bereg",129,"Baktalórántháza","","Baktalórántházai","Kistérség","Subregion"
17038,103,"HUN","Hungary",16,"Szabolcs-Szatmár-Bereg",130,"Csenger","","Csengeri","Kistérség","Subregion"
17039,103,"HUN","Hungary",16,"Szabolcs-Szatmár-Bereg",131,"Fehérgyarmat","","Fehérgyarmati","Kistérség","Subregion"
17040,103,"HUN","Hungary",16,"Szabolcs-Szatmár-Bereg",132,"Ibrány–Nagyhalász","","Ibrány–Nagyhalászi","Kistérség","Subregion"
17041,103,"HUN","Hungary",16,"Szabolcs-Szatmár-Bereg",133,"Kisvárda","","Kisvárdai","Kistérség","Subregion"
17042,103,"HUN","Hungary",16,"Szabolcs-Szatmár-Bereg",134,"Mátészalka","","Mátészalkai","Kistérség","Subregion"
17043,103,"HUN","Hungary",16,"Szabolcs-Szatmár-Bereg",135,"Nagykálló","","Nagykállói","Kistérség","Subregion"
17044,103,"HUN","Hungary",16,"Szabolcs-Szatmár-Bereg",136,"Nyírbátor","","Nyírbátori","Kistérség","Subregion"
17045,103,"HUN","Hungary",16,"Szabolcs-Szatmár-Bereg",137,"Nyíregyháza","","Nyíregyházai","Kistérség","Subregion"
17046,103,"HUN","Hungary",19,"Veszprém",161,"Veszprém","","Veszprémi","Kistérség","Subregion"
17047,103,"HUN","Hungary",19,"Veszprém",162,"Zirc","","Zirci","Kistérség","Subregion"
17048,103,"HUN","Hungary",20,"Zala",163,"Hévíz/Keszthely","","Hévízi","Kistérség","Subregion"
17049,103,"HUN","Hungary",20,"Zala",164,"Lenti","","","Kistérség","Subregion"
17050,103,"HUN","Hungary",20,"Zala",165,"Letenye","","Letenyei","Kistérség","Subregion"
17051,103,"HUN","Hungary",20,"Zala",166,"Nagykanizsai/Zalakaros","","","Kistérség","Subregion"
17052,103,"HUN","Hungary",20,"Zala",167,"Pacsa/Zalaegerszeg","","Pacsai/Zalaegerszegi","Kistérség","Subregion"
17053,103,"HUN","Hungary",20,"Zala",168,"Zalaszentgrót","","Zalaszentgróti","Kistérség","Subregion"
