"PID","ID_0","ISO","NAME_0","ID_1","NAME_1","NL_NAME_1","VARNAME_1","TYPE_1","ENGTYPE_1"
1434,103,"HUN","Hungary",1,"Bács-Kiskun","","Bacs-Bodrog-Kiskun","Megye","County"
1435,103,"HUN","Hungary",2,"Baranya","","","Megye","County"
1436,103,"HUN","Hungary",3,"Békés","","","Megye","County"
1437,103,"HUN","Hungary",4,"Borsod-Abaúj-Zemplén","","","Megye","County"
1438,103,"HUN","Hungary",5,"Budapest","","Budapeste","Fovaros","Capital City"
1439,103,"HUN","Hungary",6,"Csongrád","","","Megye","County"
1440,103,"HUN","Hungary",7,"Fejér","","","Megye","County"
1441,103,"HUN","Hungary",8,"Gyor-Moson-Sopron","","Gyor-Sopron","Megye","County"
1442,103,"HUN","Hungary",9,"Hajdú-Bihar","","","Megye","County"
1443,103,"HUN","Hungary",10,"Heves","","","Megye","County"
1444,103,"HUN","Hungary",11,"Jász-Nagykun-Szolnok","","","Megye","County"
1445,103,"HUN","Hungary",12,"Komárom-Esztergom","","Komarom","Megye","County"
1446,103,"HUN","Hungary",13,"Nógrád","","","Megye","County"
1447,103,"HUN","Hungary",14,"Pest","","","Megye","County"
1448,103,"HUN","Hungary",15,"Somogy","","","Megye","County"
1449,103,"HUN","Hungary",16,"Szabolcs-Szatmár-Bereg","","Szabolcs-Szatmár","Megye","County"
1450,103,"HUN","Hungary",17,"Tolna","","","Megye","County"
1451,103,"HUN","Hungary",18,"Vas","","","Megye","County"
1452,103,"HUN","Hungary",19,"Veszprém","","","Megye","County"
1453,103,"HUN","Hungary",20,"Zala","","","Megye","County"
